requisito,categoria
"El sistema debe cifrar todas las contraseñas usando SHA-256",Seguridad
"La aplicación debe responder en menos de 2 segundos",Eficiencia/Performance
"El sistema debe ser compatible con Chrome y Firefox",Compatibilidad
"La interfaz debe ser intuitiva para usuarios novatos",Usabilidad
"El sistema debe tener disponibilidad del 99.9%",Confiabilidad
"Debe autenticar usuarios mediante OAuth 2.0",Seguridad
"El código debe estar documentado según PEP8",Mantenibilidad
"La aplicación debe funcionar en Windows y Linux",Portabilidad
"Debe validar campos de entrada",Funcionalidad
"Tiempo de carga menor a 3 segundos",Eficiencia/Performance
"Debe integrarse con APIs REST",Compatibilidad
"Mensajes de error claros",Usabilidad
"Recuperación automática de fallos",Confiabilidad
"Protección contra inyección SQL",Seguridad
"Actualización sin downtime",Mantenibilidad
"Funcionar en móviles y tablets",Portabilidad
"Calcular impuestos correctamente",Funcionalidad
"Búsqueda en menos de 1 segundo",Eficiencia/Performance
"Exportar datos en formato CSV y Excel",Funcionalidad
"Botones con etiquetas descriptivas",Usabilidad
"El sistema debe usar protocolo HTTPS",Seguridad
"Respuesta de la API menor a 500ms",Eficiencia/Performance
"Compatible con bases de datos MySQL y PostgreSQL",Compatibilidad
"Ayuda contextual en cada pantalla",Usabilidad
"Backup automático cada 24 horas",Confiabilidad
"Encriptar datos en reposo con AES-256",Seguridad
"El código debe seguir Clean Code principles",Mantenibilidad
"Instalación en un solo click",Portabilidad
"Validar formato de email",Funcionalidad
"La página debe cargar en 3 segundos",Eficiencia/Performance
"Soportar internacionalización i18n",Compatibilidad
"Navegación consistente en toda la app",Usabilidad
"Tolerancia a fallos de red",Confiabilidad
"Autenticación de dos factores",Seguridad
"Testing unitario con cobertura del 80%",Mantenibilidad
"Funcionar sin conexión a internet",Portabilidad
"Generar reportes en PDF",Funcionalidad
"Procesamiento batch de 10000 registros por minuto",Eficiencia/Performance
"API REST con estándar OpenAPI",Compatibilidad
"Mensajes de validación amigables",Usabilidad
"Sistema de logs para auditoría",Confiabilidad
"Control de acceso basado en roles RBAC",Seguridad
"Documentación técnica actualizada",Mantenibilidad
"Ejecutar en contenedores Docker",Portabilidad
"Búsqueda avanzada con filtros",Funcionalidad
"Cache para mejorar rendimiento",Eficiencia/Performance
"Integración con servicios de terceros",Compatibilidad
"Interfaz responsive para móviles",Usabilidad
"Monitoreo de disponibilidad 24/7",Confiabilidad
"Gestión segura de sesiones",Seguridad
"Código modular y reutilizable",Mantenibilidad
"Soporte multiplataforma desktop",Portabilidad
"Notificaciones en tiempo real",Funcionalidad
"Optimización de consultas SQL",Eficiencia/Performance
"WebSockets para comunicación bidireccional",Compatibilidad
"Tour guiado para nuevos usuarios",Usabilidad
"Reintento automático en caso de fallo",Confiabilidad
"Sanitización de entradas del usuario",Seguridad
"Arquitectura hexagonal",Mantenibilidad
"Empaquetado como aplicación standalone",Portabilidad
"Paginación de resultados",Funcionalidad
"Compresión de imágenes automática",Eficiencia/Performance
"Versionado de API",Compatibilidad
"Accesibilidad WCAG 2.1",Usabilidad
"Alta disponibilidad con load balancing",Confiabilidad
"Prevención de ataques XSS",Seguridad
"Refactorización continua del código",Mantenibilidad
"Instalador multiplataforma",Portabilidad
requisito,categoria
"El sistema debe cifrar todas las contraseñas usando SHA-256",Seguridad
"La aplicación debe responder en menos de 2 segundos",Eficiencia/Performance
"El sistema debe ser compatible con Chrome y Firefox",Compatibilidad
"La interfaz debe ser intuitiva para usuarios novatos",Usabilidad
"El sistema debe tener disponibilidad del 99.9%",Confiabilidad
"Debe autenticar usuarios mediante OAuth 2.0",Seguridad
"El código debe estar documentado según PEP8",Mantenibilidad
"La aplicación debe funcionar en Windows y Linux",Portabilidad
"Debe validar campos de entrada",Funcionalidad
"Tiempo de carga menor a 3 segundos",Eficiencia/Performance
"Debe integrarse con APIs REST",Compatibilidad
"Mensajes de error claros",Usabilidad
"Recuperación automática de fallos",Confiabilidad
"Protección contra inyección SQL",Seguridad
"Actualización sin downtime",Mantenibilidad
"Funcionar en móviles y tablets",Portabilidad
"Calcular impuestos correctamente",Funcionalidad
"Búsqueda en menos de 1 segundo",Eficiencia/Performance
"Exportar datos en formato CSV y Excel",Funcionalidad
"Botones con etiquetas descriptivas",Usabilidad
"El sistema debe usar protocolo HTTPS",Seguridad
"Respuesta de la API menor a 500ms",Eficiencia/Performance
"Compatible con bases de datos MySQL y PostgreSQL",Compatibilidad
"Ayuda contextual en cada pantalla",Usabilidad
"Backup automático cada 24 horas",Confiabilidad
"Encriptar datos en reposo con AES-256",Seguridad
"El código debe seguir Clean Code principles",Mantenibilidad
"Instalación en un solo click",Portabilidad
"Validar formato de email",Funcionalidad
"La página debe cargar en 3 segundos",Eficiencia/Performance
"Soportar internacionalización i18n",Compatibilidad
"Navegación consistente en toda la app",Usabilidad
"Tolerancia a fallos de red",Confiabilidad
"Autenticación de dos factores",Seguridad
"Testing unitario con cobertura del 80%",Mantenibilidad
"Funcionar sin conexión a internet",Portabilidad
"Generar reportes en PDF",Funcionalidad
"Procesamiento batch de 10000 registros por minuto",Eficiencia/Performance
"API REST con estándar OpenAPI",Compatibilidad
"Mensajes de validación amigables",Usabilidad
"Sistema de logs para auditoría",Confiabilidad
"Control de acceso basado en roles RBAC",Seguridad
"Documentación técnica actualizada",Mantenibilidad
"Ejecutar en contenedores Docker",Portabilidad
"Búsqueda avanzada con filtros",Funcionalidad
"Cache para mejorar rendimiento",Eficiencia/Performance
"Integración con servicios de terceros",Compatibilidad
"Interfaz responsive para móviles",Usabilidad
"Monitoreo de disponibilidad 24/7",Confiabilidad
"Gestión segura de sesiones",Seguridad
"Código modular y reutilizable",Mantenibilidad
"Soporte multiplataforma desktop",Portabilidad
"Notificaciones en tiempo real",Funcionalidad
"Optimización de consultas SQL",Eficiencia/Performance
"WebSockets para comunicación bidireccional",Compatibilidad
"Tour guiado para nuevos usuarios",Usabilidad
"Reintento automático en caso de fallo",Confiabilidad
"Sanitización de entradas del usuario",Seguridad
"Arquitectura hexagonal",Mantenibilidad
"Empaquetado como aplicación standalone",Portabilidad
"Paginación de resultados",Funcionalidad
"Compresión de imágenes automática",Eficiencia/Performance
"Versionado de API",Compatibilidad
"Accesibilidad WCAG 2.1",Usabilidad
"Alta disponibilidad con load balancing",Confiabilidad
"Prevención de ataques XSS",Seguridad
"Refactorización continua del código",Mantenibilidad
"Instalador multiplataforma",Portabilidad
"El sistema debe realizar copias de seguridad de los datos cada 12 horas", Confiabilidad
"El sistema debe permitir la restauración de datos en menos de 30 minutos", Confiabilidad
"El sistema debe generar informes en tiempo real", Funcionalidad
"La interfaz debe ser accesible para personas con discapacidad visual", Usabilidad
"El sistema debe permitir la autenticación biométrica", Seguridad
"El sistema debe manejar transacciones de manera atómica", Confiabilidad
"El sistema debe soportar despliegue continuo", Mantenibilidad
"El sistema debe tener soporte para bases de datos NoSQL", Compatibilidad
"El sistema debe realizar validación de datos en tiempo real", Funcionalidad
"La interfaz debe tener un diseño adaptable al idioma del usuario", Usabilidad
"El sistema debe ser compatible con Android e iOS", Portabilidad
"Debe permitir la importación de datos desde archivos JSON", Funcionalidad
"La aplicación debe funcionar correctamente en conexiones de baja velocidad", Eficiencia/Performance
"El sistema debe enviar notificaciones push a los usuarios", Funcionalidad
"El sistema debe permitir la integración con plataformas de pago como PayPal y Stripe", Compatibilidad
"El sistema debe implementar medidas de protección contra ataques DDoS", Seguridad
"La aplicación debe ser fácil de instalar con pocos pasos", Portabilidad
"El sistema debe permitir la gestión de usuarios a través de una interfaz web", Funcionalidad
"El código debe estar cubierto por pruebas automatizadas", Mantenibilidad
"El sistema debe funcionar sin necesidad de instalación en máquinas locales", Portabilidad
"El sistema debe permitir la personalización del tema visual", Usabilidad
"El sistema debe tener una base de datos que soporte transacciones distribuidas", Confiabilidad
"El sistema debe actualizarse sin requerir reinicio de los servidores", Mantenibilidad
"La interfaz debe soportar cambios dinámicos en la estructura de la aplicación", Usabilidad
"El sistema debe ser compatible con la autenticación LDAP", Seguridad
"Debe permitir la exportación de datos a formato PDF y DOCX", Funcionalidad
"El sistema debe tener compatibilidad con la versión más reciente de Node.js", Compatibilidad
"La aplicación debe permitir la recuperación de contraseñas de forma segura", Seguridad
"El sistema debe implementar un motor de búsqueda de texto completo", Funcionalidad
"La aplicación debe permitir la personalización del dashboard", Usabilidad
"El sistema debe garantizar la integridad de los datos mediante validaciones automáticas", Confiabilidad
"El sistema debe tener una arquitectura basada en microservicios", Mantenibilidad
"El sistema debe ofrecer soporte para multimonitor", Usabilidad
"El sistema debe ofrecer un log de actividades para los administradores", Confiabilidad
"El sistema debe ser compatible con sistemas operativos de 64 bits", Compatibilidad
"La aplicación debe permitir la configuración de roles y permisos de acceso", Seguridad
"El sistema debe ofrecer un panel de administración para gestionar todos los usuarios", Funcionalidad
"El sistema debe permitir la gestión de recursos en tiempo real", Confiabilidad
"El sistema debe ser capaz de integrarse con sistemas ERP", Compatibilidad
"El sistema debe ofrecer soporte para diferentes formatos de fecha y hora", Funcionalidad
"El sistema debe permitir la visualización de datos en formato gráfico interactivo", Usabilidad
"El sistema debe ser capaz de generar informes detallados por usuario", Funcionalidad
"El sistema debe ser capaz de realizar auditorías periódicas automáticamente", Confibilidad
"El sistema debe permitir la autenticación mediante tarjetas inteligentes", Seguridad
"El sistema debe ser accesible en todos los navegadores populares", Compatibilidad
"La aplicación debe permitir la personalización de notificaciones", Usabilidad
"El sistema debe soportar balanceo de carga para mayor disponibilidad", Confiabilidad
"El sistema debe ser escalable horizontalmente", Mantenibilidad
"El sistema debe ofrecer un entorno seguro para pruebas de integración", Seguridad
"La interfaz debe permitir la personalización de los campos del formulario", Usabilidad
"El sistema debe ser compatible con la versión más reciente de PostgreSQL", Compatibilidad
"El sistema debe permitir la integración con Google Analytics", Funcionalidad
"El sistema debe permitir la importación de archivos CSV", Funcionalidad
"El sistema debe soportar autenticación mediante tarjetas RFID", Seguridad
"El sistema debe realizar validaciones de seguridad en tiempo real", Seguridad
"La aplicación debe ser fácilmente extensible mediante módulos adicionales", Mantenibilidad
"El sistema debe garantizar la disponibilidad de los datos sin interrupciones", Confiabilidad
"El sistema debe permitir la personalización de los correos electrónicos enviados", Usabilidad
"El sistema debe permitir el acceso a los registros de cambios de cada usuario", Confiabilidad
"El sistema debe incluir una funcionalidad de backup incremental", Confiabilidad
"El sistema debe poder gestionar diferentes monedas en transacciones", Funcionalidad
"La aplicación debe permitir la integración con Google Drive", Compatibilidad
"El sistema debe ofrecer un sistema de reportes configurables por el usuario", Funcionalidad
"El sistema debe tener un sistema de alertas configurables", Funcionalidad
"El sistema debe permitir la creación de un log de acceso para auditoría", Confiabilidad
"El sistema debe ofrecer soporte para gestión de productos y stock", Funcionalidad
"El sistema debe permitir la personalización de la página de inicio", Usabilidad
"El sistema debe ofrecer la posibilidad de reintentos automáticos en procesos fallidos", Confiabilidad
"El sistema debe permitir la exportación de gráficos a formatos de imagen", Funcionalidad
"La aplicación debe tener un sistema de gestión de eventos programados", Funcionalidad
"El sistema debe permitir la gestión de múltiples proyectos simultáneamente", Funcionalidad
"El sistema debe soportar el acceso basado en direcciones IP", Seguridad
"El sistema debe permitir la integración con redes sociales", Compatibilidad
"El sistema debe proporcionar alertas ante la detección de comportamientos sospechosos", Seguridad
"El sistema debe ser compatible con sistemas de virtualización como VMware", Compatibilidad
"El sistema debe permitir la integración con soluciones de CRM", Compatibilidad
"El sistema debe incluir un sistema de gestión de pagos recurrentes", Funcionalidad
"El sistema debe tener un sistema de gestión de inventarios automatizado", Funcionalidad
"El sistema debe soportar el procesamiento de imágenes en alta resolución", Eficiencia/Performance
"La interfaz debe ofrecer soporte para varios idiomas", Usabilidad
"El sistema debe ser capaz de realizar backups en servidores remotos", Confiabilidad
"El sistema debe ofrecer un sistema de notificaciones en caso de error de servidor", Confiabilidad
"El sistema debe permitir la integración con soluciones de marketing por correo electrónico", Compatibilidad
"El sistema debe permitir la gestión de pagos por múltiples métodos", Funcionalidad
"El sistema debe soportar la compresión de archivos en múltiples formatos", Eficiencia/Performance
"El sistema debe permitir la integración con servicios de almacenamiento en la nube", Compatibilidad
"El sistema debe realizar un control de versiones de los documentos generados", Funcionalidad
"El sistema debe permitir la personalización del tiempo de expiración de las sesiones", Seguridad
"El sistema debe permitir la creación de informes por parte del usuario", Funcionalidad
"El sistema debe ofrecer soporte para configuraciones avanzadas de red", Compatibilidad
"El sistema debe permitir el control de acceso por grupos de usuarios", Seguridad
"El sistema debe soportar la validación de números de teléfono", Funcionalidad
"El sistema debe permitir la integración con Google Maps", Compatibilidad
"El sistema debe permitir la gestión de equipos de trabajo", Funcionalidad
"El sistema debe ser capaz de generar reportes por rango de fechas", Funcionalidad
"El sistema debe permitir la integración con soluciones de pago móvil", Compatibilidad
"El sistema debe soportar la reactivación de cuentas inactivas", Funcionalidad
"El sistema debe tener un sistema de gestión de órdenes de compra", Funcionalidad
"El sistema debe ser capaz de generar alertas sobre cambios en los permisos de acceso", Seguridad
"El sistema debe soportar la autenticación mediante claves públicas y privadas", Seguridad
